id,prompt_name,input,target,original_text,original_label
0,classify,"Wall St. Bears Claw Back Into the Black (Reuters) Reuters - Short-sellers, Wall Street's dwindling\band of ultra-cynics, are seeing green again. 
What label best describes this news article?",Business,"Wall St. Bears Claw Back Into the Black (Reuters) Reuters - Short-sellers, Wall Street's dwindling\band of ultra-cynics, are seeing green again.",2
1,classify_question_first,"What label best describes this news article?
Carlyle Looks Toward Commercial Aerospace (Reuters) Reuters - Private investment firm Carlyle Group,\which has a reputation for making well-timed and occasionally\controversial plays in the defense industry, has quietly placed\its bets on another part of the market.",Business,"Carlyle Looks Toward Commercial Aerospace (Reuters) Reuters - Private investment firm Carlyle Group,\which has a reputation for making well-timed and occasionally\controversial plays in the defense industry, has quietly placed\its bets on another part of the market.",2
2,classify_with_choices,"Oil and Economy Cloud Stocks' Outlook (Reuters) Reuters - Soaring crude prices plus worries\about the economy and the outlook for earnings are expected to\hang over the stock market next week during the depth of the\summer doldrums. 
Is this a piece of news regarding world politics, sports, business, or science and technology?",Business,Oil and Economy Cloud Stocks' Outlook (Reuters) Reuters - Soaring crude prices plus worries\about the economy and the outlook for earnings are expected to\hang over the stock market next week during the depth of the\summer doldrums.,2
3,classify_with_choices_question_first,"Is this a piece of news regarding world politics, sports, business, or science and technology?
Iraq Halts Oil Exports from Main Southern Pipeline (Reuters) Reuters - Authorities have halted oil export\flows from the main pipeline in southern Iraq after\intelligence showed a rebel militia could strike\infrastructure, an oil official said on Saturday.",Business,"Iraq Halts Oil Exports from Main Southern Pipeline (Reuters) Reuters - Authorities have halted oil export\flows from the main pipeline in southern Iraq after\intelligence showed a rebel militia could strike\infrastructure, an oil official said on Saturday.",2
4,recommend,"Would you recommend the following article to a politician, an athlete, a business executive, or a scientist?

Oil prices soar to all-time record, posing new menace to US economy (AFP) AFP - Tearaway world oil prices, toppling records and straining wallets, present a new economic menace barely three months before the US presidential elections.",Business executive,"Oil prices soar to all-time record, posing new menace to US economy (AFP) AFP - Tearaway world oil prices, toppling records and straining wallets, present a new economic menace barely three months before the US presidential elections.",2
5,which_section,"Stocks End Up, But Near Year Lows (Reuters) Reuters - Stocks ended slightly higher on Friday\but stayed near lows for the year as oil prices surged past  #36;46\a barrel, offsetting a positive outlook from computer maker\Dell Inc. (DELL.O) 

Which section of a newspaper would this article likely appear in?",Business,"Stocks End Up, But Near Year Lows (Reuters) Reuters - Stocks ended slightly higher on Friday\but stayed near lows for the year as oil prices surged past  #36;46\a barrel, offsetting a positive outlook from computer maker\Dell Inc. (DELL.O)",2
6,which_section_choices,"Money Funds Fell in Latest Week (AP) AP - Assets of the nation's retail money market mutual funds fell by  #36;1.17 billion in the latest week to  #36;849.98 trillion, the Investment Company Institute said Thursday. 

Which of the following sections of a newspaper would this article likely appear in? World News, Sports, Business, or Science and Technology?",Business,"Money Funds Fell in Latest Week (AP) AP - Assets of the nation's retail money market mutual funds fell by  #36;1.17 billion in the latest week to  #36;849.98 trillion, the Investment Company Institute said Thursday.",2
7,classify,"Fed minutes show dissent over inflation (USATODAY.com) USATODAY.com - Retail sales bounced back a bit in July, and new claims for jobless benefits fell last week, the government said Thursday, indicating the economy is improving from a midsummer slump. 
What label best describes this news article?",Business,"Fed minutes show dissent over inflation (USATODAY.com) USATODAY.com - Retail sales bounced back a bit in July, and new claims for jobless benefits fell last week, the government said Thursday, indicating the economy is improving from a midsummer slump.",2
8,classify_question_first,"What label best describes this news article?
Safety Net (Forbes.com) Forbes.com - After earning a PH.D. in Sociology, Danny Bazil Riley started to work as the general manager at a commercial real estate firm at an annual base salary of  #36;70,000. Soon after, a financial planner stopped by his desk to drop off brochures about insurance benefits available through his employer. But, at 32, ""buying insurance was the furthest thing from my mind,"" says Riley.",Business,"Safety Net (Forbes.com) Forbes.com - After earning a PH.D. in Sociology, Danny Bazil Riley started to work as the general manager at a commercial real estate firm at an annual base salary of  #36;70,000. Soon after, a financial planner stopped by his desk to drop off brochures about insurance benefits available through his employer. But, at 32, ""buying insurance was the furthest thing from my mind,"" says Riley.",2
9,classify_with_choices,"Wall St. Bears Claw Back Into the Black  NEW YORK (Reuters) - Short-sellers, Wall Street's dwindling  band of ultra-cynics, are seeing green again. 
Is this a piece of news regarding world politics, sports, business, or science and technology?",Business,"Wall St. Bears Claw Back Into the Black  NEW YORK (Reuters) - Short-sellers, Wall Street's dwindling  band of ultra-cynics, are seeing green again.",2
10,classify_with_choices_question_first,"Is this a piece of news regarding world politics, sports, business, or science and technology?
Oil and Economy Cloud Stocks' Outlook  NEW YORK (Reuters) - Soaring crude prices plus worries  about the economy and the outlook for earnings are expected to  hang over the stock market next week during the depth of the  summer doldrums.",Business,Oil and Economy Cloud Stocks' Outlook  NEW YORK (Reuters) - Soaring crude prices plus worries  about the economy and the outlook for earnings are expected to  hang over the stock market next week during the depth of the  summer doldrums.,2
11,recommend,"Would you recommend the following article to a politician, an athlete, a business executive, or a scientist?

No Need for OPEC to Pump More-Iran Gov  TEHRAN (Reuters) - OPEC can do nothing to douse scorching  oil prices when markets are already oversupplied by 2.8 million  barrels per day (bpd) of crude, Iran's OPEC governor said  Saturday, warning that prices could fall sharply.",Business executive,"No Need for OPEC to Pump More-Iran Gov  TEHRAN (Reuters) - OPEC can do nothing to douse scorching  oil prices when markets are already oversupplied by 2.8 million  barrels per day (bpd) of crude, Iran's OPEC governor said  Saturday, warning that prices could fall sharply.",2
12,which_section,"Non-OPEC Nations Should Up Output-Purnomo  JAKARTA (Reuters) - Non-OPEC oil exporters should consider  increasing output to cool record crude prices, OPEC President  Purnomo Yusgiantoro said on Sunday. 

Which section of a newspaper would this article likely appear in?",Business,"Non-OPEC Nations Should Up Output-Purnomo  JAKARTA (Reuters) - Non-OPEC oil exporters should consider  increasing output to cool record crude prices, OPEC President  Purnomo Yusgiantoro said on Sunday.",2
13,which_section_choices,"Google IPO Auction Off to Rocky Start  WASHINGTON/NEW YORK (Reuters) - The auction for Google  Inc.'s highly anticipated initial public offering got off to a  rocky start on Friday after the Web search company sidestepped  a bullet from U.S. securities regulators. 

Which of the following sections of a newspaper would this article likely appear in? World News, Sports, Business, or Science and Technology?",Business,Google IPO Auction Off to Rocky Start  WASHINGTON/NEW YORK (Reuters) - The auction for Google  Inc.'s highly anticipated initial public offering got off to a  rocky start on Friday after the Web search company sidestepped  a bullet from U.S. securities regulators.,2
14,classify,"Dollar Falls Broadly on Record Trade Gap  NEW YORK (Reuters) - The dollar tumbled broadly on Friday  after data showing a record U.S. trade deficit in June cast  fresh doubts on the economy's recovery and its ability to draw  foreign capital to fund the growing gap. 
What label best describes this news article?",Business,Dollar Falls Broadly on Record Trade Gap  NEW YORK (Reuters) - The dollar tumbled broadly on Friday  after data showing a record U.S. trade deficit in June cast  fresh doubts on the economy's recovery and its ability to draw  foreign capital to fund the growing gap.,2
15,classify_question_first,"What label best describes this news article?
Rescuing an Old Saver If you think you may need to help your elderly relatives with their finances, don't be shy about having the money talk -- soon.",Business,"Rescuing an Old Saver If you think you may need to help your elderly relatives with their finances, don't be shy about having the money talk -- soon.",2
16,classify_with_choices,"Kids Rule for Back-to-School The purchasing power of kids is a big part of why the back-to-school season has become such a huge marketing phenomenon. 
Is this a piece of news regarding world politics, sports, business, or science and technology?",Business,Kids Rule for Back-to-School The purchasing power of kids is a big part of why the back-to-school season has become such a huge marketing phenomenon.,2
17,classify_with_choices_question_first,"Is this a piece of news regarding world politics, sports, business, or science and technology?
In a Down Market, Head Toward Value Funds There is little cause for celebration in the stock market these days, but investors in value-focused mutual funds have reason to feel a bit smug -- if only because they've lost less than the folks who stuck with growth.",Business,"In a Down Market, Head Toward Value Funds There is little cause for celebration in the stock market these days, but investors in value-focused mutual funds have reason to feel a bit smug -- if only because they've lost less than the folks who stuck with growth.",2
18,recommend,"Would you recommend the following article to a politician, an athlete, a business executive, or a scientist?

US trade deficit swells in June The US trade deficit has exploded 19 to a record \$55.8bn as oil costs drove imports higher, according to a latest figures.",Business executive,"US trade deficit swells in June The US trade deficit has exploded 19 to a record \$55.8bn as oil costs drove imports higher, according to a latest figures.",2
19,which_section,"Shell 'could be target for Total' Oil giant Shell could be bracing itself for a takeover attempt, possibly from French rival Total, a  press report claims. 

Which section of a newspaper would this article likely appear in?",Business,"Shell 'could be target for Total' Oil giant Shell could be bracing itself for a takeover attempt, possibly from French rival Total, a  press report claims.",2
20,which_section_choices,"Google IPO faces Playboy slip-up The bidding gets underway for Google's public offering, despite last-minute worries over an interview with its bosses in Playboy magazine. 

Which of the following sections of a newspaper would this article likely appear in? World News, Sports, Business, or Science and Technology?",Business,"Google IPO faces Playboy slip-up The bidding gets underway for Google's public offering, despite last-minute worries over an interview with its bosses in Playboy magazine.",2
21,classify,"Eurozone economy keeps growing Official figures show the 12-nation eurozone economy continues to grow, but there are warnings it may slow down later in the year. 
What label best describes this news article?",Business,"Eurozone economy keeps growing Official figures show the 12-nation eurozone economy continues to grow, but there are warnings it may slow down later in the year.",2
22,classify_question_first,"What label best describes this news article?
Expansion slows in Japan Economic growth in Japan slows down as the country experiences a drop in domestic and corporate spending.",Business,Expansion slows in Japan Economic growth in Japan slows down as the country experiences a drop in domestic and corporate spending.,2
23,classify_with_choices,"Rand falls on shock SA rate cut Interest rates are trimmed to 7.5 by the South African central bank,  but the lack of warning hits the rand and surprises markets. 
Is this a piece of news regarding world politics, sports, business, or science and technology?",Business,"Rand falls on shock SA rate cut Interest rates are trimmed to 7.5 by the South African central bank,  but the lack of warning hits the rand and surprises markets.",2
24,classify_with_choices_question_first,"Is this a piece of news regarding world politics, sports, business, or science and technology?
Car prices down across the board The cost of buying both new and second hand cars fell sharply over the past five years, a new survey has found.",Business,"Car prices down across the board The cost of buying both new and second hand cars fell sharply over the past five years, a new survey has found.",2
25,recommend,"Would you recommend the following article to a politician, an athlete, a business executive, or a scientist?

South Korea lowers interest rates South Korea's central bank cuts interest rates by a quarter percentage point to 3.5 in a bid to drive growth in the economy.",Business executive,South Korea lowers interest rates South Korea's central bank cuts interest rates by a quarter percentage point to 3.5 in a bid to drive growth in the economy.,2
26,which_section,"Google auction begins on Friday An auction of shares in Google, the web search engine which could be floated for as much as \$36bn, takes place on Friday. 

Which section of a newspaper would this article likely appear in?",Business,"Google auction begins on Friday An auction of shares in Google, the web search engine which could be floated for as much as \$36bn, takes place on Friday.",2
27,which_section_choices,"HP shares tumble on profit news Hewlett-Packard shares fall after disappointing third-quarter profits, while the firm warns the final quarter will also fall short of expectations. 

Which of the following sections of a newspaper would this article likely appear in? World News, Sports, Business, or Science and Technology?",Business,"HP shares tumble on profit news Hewlett-Packard shares fall after disappointing third-quarter profits, while the firm warns the final quarter will also fall short of expectations.",2
28,classify,"Mauritian textile firm cuts jobs One of the oldest textile operators on the Indian Ocean island of Mauritius last week shut seven factories and cut 900 jobs. 
What label best describes this news article?",Business,Mauritian textile firm cuts jobs One of the oldest textile operators on the Indian Ocean island of Mauritius last week shut seven factories and cut 900 jobs.,2
29,classify_question_first,"What label best describes this news article?
Chad seeks refugee aid from IMF Chad asks the IMF for a loan to pay for looking after more than 100,000 refugees from conflict-torn Darfur in western Sudan.",Business,"Chad seeks refugee aid from IMF Chad asks the IMF for a loan to pay for looking after more than 100,000 refugees from conflict-torn Darfur in western Sudan.",2
30,classify_with_choices,"Japan nuclear firm shuts plants The company running the Japanese nuclear plant hit by a fatal accident is to close its reactors for safety checks. 
Is this a piece of news regarding world politics, sports, business, or science and technology?",Business,Japan nuclear firm shuts plants The company running the Japanese nuclear plant hit by a fatal accident is to close its reactors for safety checks.,2
31,classify_with_choices_question_first,"Is this a piece of news regarding world politics, sports, business, or science and technology?
Veteran inventor in market float Trevor Baylis, the veteran inventor famous for creating the Freeplay clockwork radio, is planning to float his company on the stock market.",Business,"Veteran inventor in market float Trevor Baylis, the veteran inventor famous for creating the Freeplay clockwork radio, is planning to float his company on the stock market.",2
32,recommend,"Would you recommend the following article to a politician, an athlete, a business executive, or a scientist?

Saudi Arabia to open up oil taps Saudi Arabia says it is ready to push an extra 1.3 million barrels a day of oil into the market, to help reverse surging prices.",Business executive,"Saudi Arabia to open up oil taps Saudi Arabia says it is ready to push an extra 1.3 million barrels a day of oil into the market, to help reverse surging prices.",2
33,which_section,"Saudi phone sector gets \$1bn lift A group led by the UAE's Etisalat plans to spend \$1bn (544m) on expansion after winning two mobile phone licences in Saudi Arabia. 

Which section of a newspaper would this article likely appear in?",Business,Saudi phone sector gets \$1bn lift A group led by the UAE's Etisalat plans to spend \$1bn (544m) on expansion after winning two mobile phone licences in Saudi Arabia.,2
34,which_section_choices,"Indians fill rail skills shortage Network Rail flies in specialist Indian engineers to work on the West Coast Mainline because of a UK skills shortage. 

Which of the following sections of a newspaper would this article likely appear in? World News, Sports, Business, or Science and Technology?",Business,Indians fill rail skills shortage Network Rail flies in specialist Indian engineers to work on the West Coast Mainline because of a UK skills shortage.,2
35,classify,"Steady as they go BEDFORD -- Scientists at NitroMed Inc. hope their experimental drugs will cure heart disease someday. But lately their focus has been on more mundane matters. 
What label best describes this news article?",Business,Steady as they go BEDFORD -- Scientists at NitroMed Inc. hope their experimental drugs will cure heart disease someday. But lately their focus has been on more mundane matters.,2
36,classify_question_first,"What label best describes this news article?
Google IPO: Type in 'confusing,' 'secrecy' I've submitted my bid to buy shares of Google Inc. in the computer search company's giant auction-style initial public offering. That could turn out to be the good news or the bad news.",Business,"Google IPO: Type in 'confusing,' 'secrecy' I've submitted my bid to buy shares of Google Inc. in the computer search company's giant auction-style initial public offering. That could turn out to be the good news or the bad news.",2
37,classify_with_choices,"A bargain hunter's paradise Massachusetts bargain hunters showed up in droves and shopped hard on yesterday's sales tax holiday, buying everything from treadmills and snow blowers to candles and chandeliers, and crediting the 5-percent tax break with bringing them into the stores. 
Is this a piece of news regarding world politics, sports, business, or science and technology?",Business,"A bargain hunter's paradise Massachusetts bargain hunters showed up in droves and shopped hard on yesterday's sales tax holiday, buying everything from treadmills and snow blowers to candles and chandeliers, and crediting the 5-percent tax break with bringing them into the stores.",2
38,classify_with_choices_question_first,"Is this a piece of news regarding world politics, sports, business, or science and technology?
Researchers seek to untangle the e-mail thread E-mail is a victim of its own success. That's the conclusion of IBM Corp. researchers in Cambridge, who have spent nearly a decade conducting field tests at IBM and other companies about how employees work and use electronic mail. It's clear to them that e-mail has become the Internet's killer application.",Business,"Researchers seek to untangle the e-mail thread E-mail is a victim of its own success. That's the conclusion of IBM Corp. researchers in Cambridge, who have spent nearly a decade conducting field tests at IBM and other companies about how employees work and use electronic mail. It's clear to them that e-mail has become the Internet's killer application.",2
39,recommend,"Would you recommend the following article to a politician, an athlete, a business executive, or a scientist?

Microsoft Corp. 2.0: a kinder corporate culture Even a genius can mess up. Bill Gates was a brilliant technologist when he cofounded Microsoft , but as he guided it to greatness in both size and historical consequence, he blundered. He terrorized underlings with his temper and parceled out praise like Scrooge gave to charity. Only the lash inspired the necessary aggressiveness to beat the competition, he thought.",Business executive,"Microsoft Corp. 2.0: a kinder corporate culture Even a genius can mess up. Bill Gates was a brilliant technologist when he cofounded Microsoft , but as he guided it to greatness in both size and historical consequence, he blundered. He terrorized underlings with his temper and parceled out praise like Scrooge gave to charity. Only the lash inspired the necessary aggressiveness to beat the competition, he thought.",2
40,which_section,"Letters Target the abusers of legal weapons We can all share the outrage, expressed by columnist Steve Bailey (''Summer Sizzler, quot; Aug. 11), at the killings in the city's poor neighborhoods. But there's no need to share his ignorance. He argues for renewal of the so-called assault weapon ban, claiming that otherwise, ''UZIs and AK-47s could again be flooding the streets. quot; His ... 

Which section of a newspaper would this article likely appear in?",Business,"Letters Target the abusers of legal weapons We can all share the outrage, expressed by columnist Steve Bailey (''Summer Sizzler, quot; Aug. 11), at the killings in the city's poor neighborhoods. But there's no need to share his ignorance. He argues for renewal of the so-called assault weapon ban, claiming that otherwise, ''UZIs and AK-47s could again be flooding the streets. quot; His ...",2
41,which_section_choices,"Somewhere between gleam and gloom President Bush has been saying that the US economy has ''turned the corner. quot; Democratic presidential candidate Senator John F. Kerry, in the wake of this month's poor jobs report, quipped that it was more like a U-turn. 

Which of the following sections of a newspaper would this article likely appear in? World News, Sports, Business, or Science and Technology?",Business,"Somewhere between gleam and gloom President Bush has been saying that the US economy has ''turned the corner. quot; Democratic presidential candidate Senator John F. Kerry, in the wake of this month's poor jobs report, quipped that it was more like a U-turn.",2
42,classify,"Technology company sues five ex-employees  A Marlborough-based technology company is suing five former employees, including three senior managers, for allegedly conspiring against their employer while working on opening a competing business. 
What label best describes this news article?",Business,"Technology company sues five ex-employees  A Marlborough-based technology company is suing five former employees, including three senior managers, for allegedly conspiring against their employer while working on opening a competing business.",2
43,classify_question_first,"What label best describes this news article?
Grant to aid Lynn Central Square Central Square in Lynn should be looking a bit brighter. New sidewalks, curbs, fences, lights, landscaping, and road improvements are planned for the Gateway Artisan Block, a key area of the square, with \$830,000 in state grant money given to Lynn last week.",Business,"Grant to aid Lynn Central Square Central Square in Lynn should be looking a bit brighter. New sidewalks, curbs, fences, lights, landscaping, and road improvements are planned for the Gateway Artisan Block, a key area of the square, with \$830,000 in state grant money given to Lynn last week.",2
44,classify_with_choices,"State grant to aid Lynn; Bank gives Salem \$10k Central Square in Lynn should be looking a bit brighter. New sidewalks, curbs, fences, lights, landscaping, and road improvements are planned for the Gateway Artisan Block, a key area of the square, with \$830,000 in state grant money given to Lynn last week. 
Is this a piece of news regarding world politics, sports, business, or science and technology?",Business,"State grant to aid Lynn; Bank gives Salem \$10k Central Square in Lynn should be looking a bit brighter. New sidewalks, curbs, fences, lights, landscaping, and road improvements are planned for the Gateway Artisan Block, a key area of the square, with \$830,000 in state grant money given to Lynn last week.",2
45,classify_with_choices_question_first,"Is this a piece of news regarding world politics, sports, business, or science and technology?
A New Legal Chapter for a 90's Flameout A lawsuit against Gary Winnick, the former chief of Global Crossing, refocuses attention on what Mr. Winnick knew about his company's finances as it imploded.",Business,"A New Legal Chapter for a 90's Flameout A lawsuit against Gary Winnick, the former chief of Global Crossing, refocuses attention on what Mr. Winnick knew about his company's finances as it imploded.",2
46,recommend,"Would you recommend the following article to a politician, an athlete, a business executive, or a scientist?

Will Russia, the Oil Superpower, Flex Its Muscles? Russia is again emerging as a superpower - but the reason has less to do with nuclear weapons than with oil.",Business executive,"Will Russia, the Oil Superpower, Flex Its Muscles? Russia is again emerging as a superpower - but the reason has less to do with nuclear weapons than with oil.",2
47,which_section,"Switching Titles, if Not Gears, at Dell Kevin B. Rollins, the new chief executive of Dell, talks about Dell's transitory slip in customer service, and why he sees a broader technology recovery taking place. 

Which section of a newspaper would this article likely appear in?",Business,"Switching Titles, if Not Gears, at Dell Kevin B. Rollins, the new chief executive of Dell, talks about Dell's transitory slip in customer service, and why he sees a broader technology recovery taking place.",2
48,which_section_choices,"For Sale: The Ultimate Status Symbol With the country in need of cash and rich people dying to show off their wealth, Mr. Stein proposes a unique solution: having the government sell titles of nobility. 

Which of the following sections of a newspaper would this article likely appear in? World News, Sports, Business, or Science and Technology?",Business,"For Sale: The Ultimate Status Symbol With the country in need of cash and rich people dying to show off their wealth, Mr. Stein proposes a unique solution: having the government sell titles of nobility.",2
49,classify,"Quality Gets Swept Away Quality Distribution is hammered after reporting a large loss for the second quarter. 
What label best describes this news article?",Business,Quality Gets Swept Away Quality Distribution is hammered after reporting a large loss for the second quarter.,2
50,classify_question_first,"What label best describes this news article?
Making Your Insurer Pay If Hurricane Charley blows your house down, how can you make your insurance company pay?",Business,"Making Your Insurer Pay If Hurricane Charley blows your house down, how can you make your insurance company pay?",2
51,classify_with_choices,"Delightful Dell The company's results show that it's not grim all over tech world. Just all of it that isn't Dell. 
Is this a piece of news regarding world politics, sports, business, or science and technology?",Business,Delightful Dell The company's results show that it's not grim all over tech world. Just all of it that isn't Dell.,2
52,classify_with_choices_question_first,"Is this a piece of news regarding world politics, sports, business, or science and technology?
Chrysler's Bling King After a tough year, Detroit's troubled carmaker is back -- thanks to a maverick designer and a car that is dazzling the hip-hop crowd",Business,"Chrysler's Bling King After a tough year, Detroit's troubled carmaker is back -- thanks to a maverick designer and a car that is dazzling the hip-hop crowd",2
53,recommend,"Would you recommend the following article to a politician, an athlete, a business executive, or a scientist?

What's Cool In the Pool ... ... And Hot On the Deck Americans are spending more on tricking out the places where they swim. Here's a look at the new wave of accessories",Business executive,What's Cool In the Pool ... ... And Hot On the Deck Americans are spending more on tricking out the places where they swim. Here's a look at the new wave of accessories,2
54,which_section,"The Age of Doom In 1993 six geeks had a digital nightmare that changed the culture. It's about to get far creepier 

Which section of a newspaper would this article likely appear in?",Business,The Age of Doom In 1993 six geeks had a digital nightmare that changed the culture. It's about to get far creepier,2
55,which_section_choices,"Hip Hop's Online Shop Celebrity fashion is booming. These webpreneurs are bringing it to main street 

Which of the following sections of a newspaper would this article likely appear in? World News, Sports, Business, or Science and Technology?",Business,Hip Hop's Online Shop Celebrity fashion is booming. These webpreneurs are bringing it to main street,2
56,classify,"Stoking the Steamroller No other recording artist can channel American middle-class tastes quite like Chip Davis and his best-selling band 
What label best describes this news article?",Business,Stoking the Steamroller No other recording artist can channel American middle-class tastes quite like Chip Davis and his best-selling band,2
57,classify_question_first,"What label best describes this news article?
Coming to The Rescue Got a unique problem? Not to worry: you can find a financial planner for every specialized need",Business,Coming to The Rescue Got a unique problem? Not to worry: you can find a financial planner for every specialized need,2
58,classify_with_choices,"The New Customers Are In Town Today's customers are increasingly demanding, in Asia as elsewhere in the world.  Henry Astorga describes the complex reality faced by today's marketers, which includes much higher expectations than we have been used to.  Today's customers want performance, and they want it now!  
Is this a piece of news regarding world politics, sports, business, or science and technology?",Business,"The New Customers Are In Town Today's customers are increasingly demanding, in Asia as elsewhere in the world.  Henry Astorga describes the complex reality faced by today's marketers, which includes much higher expectations than we have been used to.  Today's customers want performance, and they want it now! ",2
59,classify_with_choices_question_first,"Is this a piece of news regarding world politics, sports, business, or science and technology?
Barrel of Monkeys, 2004 Edition: Notes on Philippine Elections Well, it's election time in the Republic of the Philippines, and that means the monkeys are rolling around in those political barrels, having as much fun as they can while laughing their heads off at the strange goings-on that characterize a democratic process loosely based on the American model  but that de facto looks more like a Fellini movie crossed with a Tom and Jerry cartoon - column includes a useful election-year glossary!",Business,"Barrel of Monkeys, 2004 Edition: Notes on Philippine Elections Well, it's election time in the Republic of the Philippines, and that means the monkeys are rolling around in those political barrels, having as much fun as they can while laughing their heads off at the strange goings-on that characterize a democratic process loosely based on the American model  but that de facto looks more like a Fellini movie crossed with a Tom and Jerry cartoon - column includes a useful election-year glossary!",2
60,recommend,"Would you recommend the following article to a politician, an athlete, a business executive, or a scientist?

Oldsmobile: The final parking lot Why General Motors dropped the Oldsmobile. The four brand  paradoxes GM had to face - the name, the product, image re-positioning, and the consumer - all added up to a brand that had little hope of rebranding.",Business executive,"Oldsmobile: The final parking lot Why General Motors dropped the Oldsmobile. The four brand  paradoxes GM had to face - the name, the product, image re-positioning, and the consumer - all added up to a brand that had little hope of rebranding.",2
61,which_section,"Not All Jobs Belong To The White Man: Asian Minorities, Affirmative Action, And The Quest For Parity At Work Although a smattering of Chinese, Filipinos, Japanese, Indians, Thais, and others may crow about seeing their kind sitting in prominent positions in corporations and organizations in the USA, these accomplishments become mere cultural high-fives and ritualistic chest-thumping goaded and impishly patronized by 'mainstream society' - the milder and gentler term for the white-dominated populace. 

Which section of a newspaper would this article likely appear in?",Business,"Not All Jobs Belong To The White Man: Asian Minorities, Affirmative Action, And The Quest For Parity At Work Although a smattering of Chinese, Filipinos, Japanese, Indians, Thais, and others may crow about seeing their kind sitting in prominent positions in corporations and organizations in the USA, these accomplishments become mere cultural high-fives and ritualistic chest-thumping goaded and impishly patronized by 'mainstream society' - the milder and gentler term for the white-dominated populace.",2
62,which_section_choices,"Downhome Pinoy Blues, Intersecting Life Paths, and Heartbreak Songs The Blues is alive and well in the Philippines, as evidenced by this appreciation of the Pinoy Blues band 'Lampano Alley', penned by columnist Clarence Henderson as a counterpoint to his usual economics, business, and culture fare. 

Which of the following sections of a newspaper would this article likely appear in? World News, Sports, Business, or Science and Technology?",Business,"Downhome Pinoy Blues, Intersecting Life Paths, and Heartbreak Songs The Blues is alive and well in the Philippines, as evidenced by this appreciation of the Pinoy Blues band 'Lampano Alley', penned by columnist Clarence Henderson as a counterpoint to his usual economics, business, and culture fare.",2
63,classify,"The Real Time Modern Manila Blues: Bill Monroe Meets Muddy Waters in the Orient Globalization does strange things to people. A day in the life of a Manila Philippines based business consultant - proving that you really CAN talk about Muddy Walters, bluegrass and work all on the same page... 
What label best describes this news article?",Business,"The Real Time Modern Manila Blues: Bill Monroe Meets Muddy Waters in the Orient Globalization does strange things to people. A day in the life of a Manila Philippines based business consultant - proving that you really CAN talk about Muddy Walters, bluegrass and work all on the same page...",2
64,classify_question_first,"What label best describes this news article?
Best Asian Tourism Destinations The new APMF survey of the best Asian tourism destinations has just kicked off, but it's crowded at the top, with Chiang Mai in Thailand just leading from perennial favourites Hong Kong, Bangkok and Phuket in Thailand, and Bali in  Indonesia. Be one of the first to vote and let us know your reasons.",Business,"Best Asian Tourism Destinations The new APMF survey of the best Asian tourism destinations has just kicked off, but it's crowded at the top, with Chiang Mai in Thailand just leading from perennial favourites Hong Kong, Bangkok and Phuket in Thailand, and Bali in  Indonesia. Be one of the first to vote and let us know your reasons.",2
65,classify_with_choices,"What are the best cities for business in Asia? One of our new categories in the APMF Sense of Place survey is for best Asian business city. After a couple of days, Singapore leads the pack, followed by Bangkok, Thailand and Hong Kong. Enter your vote and comments and make your views count. More new categories include best city for livability, and best tourism destinations. 
Is this a piece of news regarding world politics, sports, business, or science and technology?",Business,"What are the best cities for business in Asia? One of our new categories in the APMF Sense of Place survey is for best Asian business city. After a couple of days, Singapore leads the pack, followed by Bangkok, Thailand and Hong Kong. Enter your vote and comments and make your views count. More new categories include best city for livability, and best tourism destinations.",2
66,classify_with_choices_question_first,"Is this a piece of news regarding world politics, sports, business, or science and technology?
IT alligator tales I grew up in New York, where giant alligators -- sometimes more ornately described as albino alligators -- were rumored to roam the citys sewer systems. According to legend, vacationers picked up the tiny crocodilians in Florida, brought them home to New York, and eventually flushed the little buggers when they grew too big for the local concrete jungle.",Business,"IT alligator tales I grew up in New York, where giant alligators -- sometimes more ornately described as albino alligators -- were rumored to roam the citys sewer systems. According to legend, vacationers picked up the tiny crocodilians in Florida, brought them home to New York, and eventually flushed the little buggers when they grew too big for the local concrete jungle.",2
67,recommend,"Would you recommend the following article to a politician, an athlete, a business executive, or a scientist?

IT Myth 5: Most IT projects fail Do most IT projects fail? Some point to the number of giant consultancies such as IBM Global Services, Capgemini, and Sapient, who feed off bad experiences encountered by enterprises. Sapient is a company founded on the realization that IT projects are not successful, says Sapient CTO Ben Gaucherin.",Business executive,"IT Myth 5: Most IT projects fail Do most IT projects fail? Some point to the number of giant consultancies such as IBM Global Services, Capgemini, and Sapient, who feed off bad experiences encountered by enterprises. Sapient is a company founded on the realization that IT projects are not successful, says Sapient CTO Ben Gaucherin.",2
68,which_section,"BEA grabs CA exec to head product group BEA Systems Inc. has hired the Computer Associates International Inc. executive responsible for CA's Unicenter line of enterprise management software to head BEA's product development group. 

Which section of a newspaper would this article likely appear in?",Business,BEA grabs CA exec to head product group BEA Systems Inc. has hired the Computer Associates International Inc. executive responsible for CA's Unicenter line of enterprise management software to head BEA's product development group.,2
69,which_section_choices,"Autodesk tackles project collaboration Autodesk  this week unwrapped an updated version of its hosted project collaboration service targeted at the construction and manufacturing industries. Autodesk Buzzsaw lets multiple, dispersed project participants -- including building owners, developers, architects, construction teams, and facility managers -- share and manage data throughout the life of a project, according to Autodesk officials. 

Which of the following sections of a newspaper would this article likely appear in? World News, Sports, Business, or Science and Technology?",Business,"Autodesk tackles project collaboration Autodesk  this week unwrapped an updated version of its hosted project collaboration service targeted at the construction and manufacturing industries. Autodesk Buzzsaw lets multiple, dispersed project participants -- including building owners, developers, architects, construction teams, and facility managers -- share and manage data throughout the life of a project, according to Autodesk officials.",2
70,classify,"U.K.'s NHS taps Gartner to help plan \$9B IT overhaul LONDON -- The U.K.'s National Health Service (NHS) has tapped IT researcher Gartner Inc. to provide market intelligence services as the health organization forges ahead with a mammoth, 5 billion (\$9.2 billion) project to upgrade its information technology infrastructure. 
What label best describes this news article?",Business,"U.K.'s NHS taps Gartner to help plan \$9B IT overhaul LONDON -- The U.K.'s National Health Service (NHS) has tapped IT researcher Gartner Inc. to provide market intelligence services as the health organization forges ahead with a mammoth, 5 billion (\$9.2 billion) project to upgrade its information technology infrastructure.",2
71,classify_question_first,"What label best describes this news article?
Play Boys: Google IPO a Go Anyway Even though Google's two founders gave an interview to Playboy magazine in the midst of its IPO filing, the SEC allowed the company's offering to go ahead. The boys filed the interview with the SEC and corrected mistakes in it.",Business,"Play Boys: Google IPO a Go Anyway Even though Google's two founders gave an interview to Playboy magazine in the midst of its IPO filing, the SEC allowed the company's offering to go ahead. The boys filed the interview with the SEC and corrected mistakes in it.",2
72,classify_with_choices,"More Big Boobs in Playboy An interview with Google's co-founders due out in the current issue of Playboy may delay the company's IPO. Securities regulations restrict what executives can say while preparing to sell stock for the first time. 
Is this a piece of news regarding world politics, sports, business, or science and technology?",Business,More Big Boobs in Playboy An interview with Google's co-founders due out in the current issue of Playboy may delay the company's IPO. Securities regulations restrict what executives can say while preparing to sell stock for the first time.,2
73,classify_with_choices_question_first,"Is this a piece of news regarding world politics, sports, business, or science and technology?
Dutch Firm Beats Apple to Punch A music retailer from the Netherlands beats Apple by launching a download service in Europe's latest market battleground. Also: Movie industry wrests agreement from defunct company.... Microsoft challenges Photoshop   hellip;. and more.",Business,Dutch Firm Beats Apple to Punch A music retailer from the Netherlands beats Apple by launching a download service in Europe's latest market battleground. Also: Movie industry wrests agreement from defunct company.... Microsoft challenges Photoshop   hellip;. and more.,2
74,recommend,"Would you recommend the following article to a politician, an athlete, a business executive, or a scientist?

HP to Buy Synstar Hewlett-Packard will pay \$297 million for the British company. Also: TiVo goes all out to attract customers   hellip;. Sprint offers service guarantees for business wireless subscribers   hellip;. and more.",Business executive,HP to Buy Synstar Hewlett-Packard will pay \$297 million for the British company. Also: TiVo goes all out to attract customers   hellip;. Sprint offers service guarantees for business wireless subscribers   hellip;. and more.,2
75,which_section,"A Personal Operator From Verizon Verizon plans to offer a service that would act as a virtual switchboard operator, letting customers stay in touch at all times. The program would send phone calls, voicemails and e-mails wherever customers designate. By Elisa Batista. 

Which section of a newspaper would this article likely appear in?",Business,"A Personal Operator From Verizon Verizon plans to offer a service that would act as a virtual switchboard operator, letting customers stay in touch at all times. The program would send phone calls, voicemails and e-mails wherever customers designate. By Elisa Batista.",2
76,which_section_choices,"Paid Search Growth May Slow A new Internet advertising forecast shows a slowdown in paid search listings in the next five years. Will the projection affect Google's prospects when it goes public? 

Which of the following sections of a newspaper would this article likely appear in? World News, Sports, Business, or Science and Technology?",Business,Paid Search Growth May Slow A new Internet advertising forecast shows a slowdown in paid search listings in the next five years. Will the projection affect Google's prospects when it goes public?,2
77,classify,"Fark Sells Out. France Surrenders Blogs are the hottest thing on the Net, but are they messing with traditional publishing principles? One of the most popular, Fark.com, is allegedly selling links. Is it the wave of the future? By Daniel Terdiman. 
What label best describes this news article?",Business,"Fark Sells Out. France Surrenders Blogs are the hottest thing on the Net, but are they messing with traditional publishing principles? One of the most popular, Fark.com, is allegedly selling links. Is it the wave of the future? By Daniel Terdiman.",2
78,classify_question_first,"What label best describes this news article?
'Madden,' 'ESPN' Football Score in Different Ways (Reuters) Reuters - Was absenteeism a little high\on Tuesday among the guys at the office? EA Sports would like\to think it was because ""Madden NFL 2005"" came out that day,\and some fans of the football simulation are rabid enough to\take a sick day to play it.",Science and technology,"'Madden,' 'ESPN' Football Score in Different Ways (Reuters) Reuters - Was absenteeism a little high\on Tuesday among the guys at the office? EA Sports would like\to think it was because ""Madden NFL 2005"" came out that day,\and some fans of the football simulation are rabid enough to\take a sick day to play it.",3
79,classify_with_choices,"Group to Propose New High-Speed Wireless Format (Reuters) Reuters - A group of technology companies\including Texas Instruments Inc. (TXN.N), STMicroelectronics\(STM.PA) and Broadcom Corp. (BRCM.O), on Thursday said they\will propose a new wireless networking standard up to 10 times\the speed of the current generation. 
Is this a piece of news regarding world politics, sports, business, or science and technology?",Science and technology,"Group to Propose New High-Speed Wireless Format (Reuters) Reuters - A group of technology companies\including Texas Instruments Inc. (TXN.N), STMicroelectronics\(STM.PA) and Broadcom Corp. (BRCM.O), on Thursday said they\will propose a new wireless networking standard up to 10 times\the speed of the current generation.",3
80,classify_with_choices_question_first,"Is this a piece of news regarding world politics, sports, business, or science and technology?
AOL to Sell Cheap PCs to Minorities and Seniors (Reuters) Reuters - America Online on Thursday said it\plans to sell a low-priced PC targeting low-income and minority\households who agree to sign up for a year of dialup Internet\service.",Science and technology,AOL to Sell Cheap PCs to Minorities and Seniors (Reuters) Reuters - America Online on Thursday said it\plans to sell a low-priced PC targeting low-income and minority\households who agree to sign up for a year of dialup Internet\service.,3
81,recommend,"Would you recommend the following article to a politician, an athlete, a business executive, or a scientist?

Companies Approve New High-Capacity Disc Format (Reuters) Reuters - A group of consumer electronics\makers said on Wednesday they approved the format for a new\generation of discs that can store five times the data of DVDs\at the same cost -- enough to put a full season of ""The\Sopranos"" on one disc.",Scientist,"Companies Approve New High-Capacity Disc Format (Reuters) Reuters - A group of consumer electronics\makers said on Wednesday they approved the format for a new\generation of discs that can store five times the data of DVDs\at the same cost -- enough to put a full season of ""The\Sopranos"" on one disc.",3
82,which_section,"Missing June Deals Slow to Return for Software Cos. (Reuters) Reuters - The mystery of what went wrong for the\software industry in late June when sales stalled at more than\20 brand-name companies is not even close to being solved\although the third quarter is nearly halfway over. 

Which section of a newspaper would this article likely appear in?",Science and Technology,Missing June Deals Slow to Return for Software Cos. (Reuters) Reuters - The mystery of what went wrong for the\software industry in late June when sales stalled at more than\20 brand-name companies is not even close to being solved\although the third quarter is nearly halfway over.,3
83,which_section_choices,"Hacker Cracks Apple's Streaming Technology (AP) AP - The Norwegian hacker famed for developing DVD encryption-cracking software has apparently struck again  #151; this time breaking the locks on Apple Computer Inc.'s wireless music streaming technology. 

Which of the following sections of a newspaper would this article likely appear in? World News, Sports, Business, or Science and Technology?",Science and Technology,Hacker Cracks Apple's Streaming Technology (AP) AP - The Norwegian hacker famed for developing DVD encryption-cracking software has apparently struck again  #151; this time breaking the locks on Apple Computer Inc.'s wireless music streaming technology.,3
84,classify,"European Download Services Go Mobile (Reuters) Reuters - The ability to download complete\tracks directly over cell-phone networks to mobile phones is\becoming a reality in Europe. 
What label best describes this news article?",Science and technology,European Download Services Go Mobile (Reuters) Reuters - The ability to download complete\tracks directly over cell-phone networks to mobile phones is\becoming a reality in Europe.,3
85,classify_question_first,"What label best describes this news article?
Open Source Apps Developer SugarCRM Releases Sugar.Sales 1.1 (TechWeb) TechWeb - News - August 13, 2004",Science and technology,"Open Source Apps Developer SugarCRM Releases Sugar.Sales 1.1 (TechWeb) TechWeb - News - August 13, 2004",3
86,classify_with_choices,"Oracle Sales Data Seen Being Released (Reuters) Reuters - Oracle Corp. sales documents\detailing highly confidential information, such as which\companies receive discounts on Oracle's business software\products and the size of the discounts, are likely to be made\public, a federal judge said on Friday. 
Is this a piece of news regarding world politics, sports, business, or science and technology?",Science and technology,"Oracle Sales Data Seen Being Released (Reuters) Reuters - Oracle Corp. sales documents\detailing highly confidential information, such as which\companies receive discounts on Oracle's business software\products and the size of the discounts, are likely to be made\public, a federal judge said on Friday.",3
87,classify_with_choices_question_first,"Is this a piece of news regarding world politics, sports, business, or science and technology?
Sun's Looking Glass Provides 3D View (PC World) PC World - Developers get early code for new operating system 'skin' still being crafted.",Science and technology,Sun's Looking Glass Provides 3D View (PC World) PC World - Developers get early code for new operating system 'skin' still being crafted.,3
88,recommend,"Would you recommend the following article to a politician, an athlete, a business executive, or a scientist?

Apple to open second Japanese retail store this month (MacCentral) MacCentral - Apple Computer Inc. will open its second Japanese retail store later this month in the western Japanese city of Osaka, it said Thursday.",Scientist,"Apple to open second Japanese retail store this month (MacCentral) MacCentral - Apple Computer Inc. will open its second Japanese retail store later this month in the western Japanese city of Osaka, it said Thursday.",3
89,which_section,"Charley's Force Took Experts by Surprise (AP) AP - Hurricane Charley's 145-mph force took forecasters by surprise and showed just how shaky a science it still is to predict a storm's intensity  #151; even with all the latest satellite and radar technology. 

Which section of a newspaper would this article likely appear in?",Science and Technology,Charley's Force Took Experts by Surprise (AP) AP - Hurricane Charley's 145-mph force took forecasters by surprise and showed just how shaky a science it still is to predict a storm's intensity  #151; even with all the latest satellite and radar technology.,3
90,which_section_choices,"Science, Politics Collide in Election Year (AP) AP - With more than 4,000 scientists, including 48 Nobel Prize winners, having signed a statement opposing the Bush administration's use of scientific advice, this election year is seeing a new development in the uneasy relationship between science and politics. 

Which of the following sections of a newspaper would this article likely appear in? World News, Sports, Business, or Science and Technology?",Science and Technology,"Science, Politics Collide in Election Year (AP) AP - With more than 4,000 scientists, including 48 Nobel Prize winners, having signed a statement opposing the Bush administration's use of scientific advice, this election year is seeing a new development in the uneasy relationship between science and politics.",3
91,classify,"Building Dedicated to Columbia Astronauts (AP) AP - A former dormitory converted to classrooms at the Pensacola Naval Air Station was dedicated Friday to two Columbia astronauts who were among the seven who died in the shuttle disaster Feb. 1, 2003. 
What label best describes this news article?",Science and technology,"Building Dedicated to Columbia Astronauts (AP) AP - A former dormitory converted to classrooms at the Pensacola Naval Air Station was dedicated Friday to two Columbia astronauts who were among the seven who died in the shuttle disaster Feb. 1, 2003.",3
92,classify_question_first,"What label best describes this news article?
Russian Cargo Craft Docks at Space Station (AP) AP - A Russian cargo ship docked with the international space station Saturday, bringing food, water, fuel and other items to the two-man Russian-American crew, a space official said.",Science and technology,"Russian Cargo Craft Docks at Space Station (AP) AP - A Russian cargo ship docked with the international space station Saturday, bringing food, water, fuel and other items to the two-man Russian-American crew, a space official said.",3
93,classify_with_choices,"Bangkok's Canals Losing to Urban Sprawl (AP) AP - Along the banks of the canal, women in rowboats grill fish and sell fresh bananas. Families eat on floating pavilions, rocked gently by waves from passing boats. 
Is this a piece of news regarding world politics, sports, business, or science and technology?",Science and technology,"Bangkok's Canals Losing to Urban Sprawl (AP) AP - Along the banks of the canal, women in rowboats grill fish and sell fresh bananas. Families eat on floating pavilions, rocked gently by waves from passing boats.",3
94,classify_with_choices_question_first,"Is this a piece of news regarding world politics, sports, business, or science and technology?
T. Rex Had Teen Growth Spurt, Scientists Say (Reuters) Reuters - Tyrannosaurus Rex grew incredibly fast\during a teenaged growth spurt that saw the dinosaur expand its\bulk by six times, but the fearsome beasts ""lived fast and died\young,"" researchers said on Wednesday.",Science and technology,"T. Rex Had Teen Growth Spurt, Scientists Say (Reuters) Reuters - Tyrannosaurus Rex grew incredibly fast\during a teenaged growth spurt that saw the dinosaur expand its\bulk by six times, but the fearsome beasts ""lived fast and died\young,"" researchers said on Wednesday.",3
95,recommend,"Would you recommend the following article to a politician, an athlete, a business executive, or a scientist?

Gene Blocker Turns Monkeys Into Workaholics - Study (Reuters) Reuters - Procrastinating monkeys were turned\into workaholics using a gene treatment to block a key brain\compound, U.S. researchers reported on Wednesday.",Scientist,"Gene Blocker Turns Monkeys Into Workaholics - Study (Reuters) Reuters - Procrastinating monkeys were turned\into workaholics using a gene treatment to block a key brain\compound, U.S. researchers reported on Wednesday.",3
96,which_section,"Dolphins Too Have Born Socialites (Reuters) Reuters - Some people are born to be the life and\soul of the party -- and so it seems are some dolphins. 

Which section of a newspaper would this article likely appear in?",Science and Technology,Dolphins Too Have Born Socialites (Reuters) Reuters - Some people are born to be the life and\soul of the party -- and so it seems are some dolphins.,3
97,which_section_choices,"What's in a Name? Well, Matt Is Sexier Than Paul (Reuters) Reuters - As Shakespeare said, a rose by any other\name would smell as sweet. Right? 

Which of the following sections of a newspaper would this article likely appear in? World News, Sports, Business, or Science and Technology?",Science and Technology,"What's in a Name? Well, Matt Is Sexier Than Paul (Reuters) Reuters - As Shakespeare said, a rose by any other\name would smell as sweet. Right?",3
98,classify,"UK Scientists Allowed to Clone Human Embryos (Reuters) Reuters - British scientists said on Wednesday\they had received permission to clone human embryos for medical\research, in what they believe to be the first such license to\be granted in Europe. 
What label best describes this news article?",Science and technology,"UK Scientists Allowed to Clone Human Embryos (Reuters) Reuters - British scientists said on Wednesday\they had received permission to clone human embryos for medical\research, in what they believe to be the first such license to\be granted in Europe.",3
99,classify_question_first,"What label best describes this news article?
Russian Alien Spaceship Claims Raise Eyebrows, Skepticism (SPACE.com) SPACE.com - An expedition of Russian researchers claims to have found evidence that an \  alien spaceship had something to do with a huge explosion over Siberia in 1908. \  Experts in asteroids and comets have long said the massive blast was caused \  by a space rock.",Science and technology,"Russian Alien Spaceship Claims Raise Eyebrows, Skepticism (SPACE.com) SPACE.com - An expedition of Russian researchers claims to have found evidence that an \  alien spaceship had something to do with a huge explosion over Siberia in 1908. \  Experts in asteroids and comets have long said the massive blast was caused \  by a space rock.",3
